title,subtitle,extra
"Frankenstein; Or, The Modern Prometheus",Mary Wollstonecraft Shelley,184272 downloads
呻吟語 (Chinese),Kun Lü,108885 downloads
"Moby Dick; Or, The Whale",Herman Melville,74835 downloads
Romeo and Juliet,William Shakespeare,71993 downloads
Pride and Prejudice,Jane Austen,68941 downloads
The Scarlet Letter,Nathaniel Hawthorne,58362 downloads
Alice's Adventures in Wonderland,Lewis Carroll,52853 downloads
The Complete Works of William Shakespeare,William Shakespeare,51845 downloads
Middlemarch,George Eliot,50930 downloads
A Room with a View,E. M. Forster,50048 downloads
"Little Women; Or, Meg, Jo, Beth, and Amy",Louisa May Alcott,47978 downloads
A Doll's House : a play,Henrik Ibsen,47436 downloads
The Blue Castle: a novel,L. M. Montgomery,43987 downloads
The Enchanted April,Elizabeth Von Arnim,43317 downloads
The Adventures of Ferdinand Count Fathom — Complete,T. Smollett,40560 downloads
Cranford,Elizabeth Cleghorn Gaskell,40317 downloads
The Expedition of Humphry Clinker,T. Smollett,39699 downloads
"History of Tom Jones, a Foundling",Henry Fielding,39584 downloads
The Great Gatsby,F. Scott Fitzgerald,39561 downloads
The Adventures of Roderick Random,T. Smollett,39272 downloads
My Life — Volume 1,Richard Wagner,38754 downloads
Twenty years after,Alexandre Dumas and Auguste Maquet,38457 downloads
The Picture of Dorian Gray,Oscar Wilde,37502 downloads
A Christmas Carol in Prose; Being a Ghost Story of Christmas,Charles Dickens,35811 downloads
The Importance of Being Earnest: A Trivial Comedy for Serious People,Oscar Wilde,35607 downloads